week_ending,holiday_count
2010-11-07,0
2010-11-14,0
2010-11-21,0
2010-11-28,0
2010-12-05,0
2010-12-12,0
2010-12-19,0
2010-12-26,2
2011-01-02,3
2011-01-09,1
2011-01-16,0
2011-01-23,0
2011-01-30,0
2011-02-06,0
2011-02-13,0
2011-02-20,0
2011-02-27,0
2011-03-06,0
2011-03-13,0
2011-03-20,0
2011-03-27,0
2011-04-03,0
2011-04-10,0
2011-04-17,0
2011-04-24,1
2011-05-01,2
2011-05-08,1
2011-05-15,0
2011-05-22,0
2011-05-29,0
2011-06-05,1
2011-06-12,0
2011-06-19,0
2011-06-26,0
2011-07-03,0
2011-07-10,0
2011-07-17,0
2011-07-24,0
2011-07-31,0
2011-08-07,0
2011-08-14,0
2011-08-21,0
2011-08-28,0
2011-09-04,1
2011-09-11,0
2011-09-18,0
2011-09-25,0
2011-10-02,0
2011-10-09,0
2011-10-16,0
2011-10-23,0
2011-10-30,0
2011-11-06,0
2011-11-13,0
2011-11-20,0
2011-11-27,0
2011-12-04,0
2011-12-11,0
2011-12-18,0
2011-12-25,1
2012-01-01,3
2012-01-08,1
2012-01-15,0
2012-01-22,0
2012-01-29,0
2012-02-05,0
2012-02-12,0
2012-02-19,0
2012-02-26,0
2012-03-04,0
2012-03-11,0
2012-03-18,0
2012-03-25,0
2012-04-01,0
2012-04-08,1
2012-04-15,1
2012-04-22,0
2012-04-29,0
2012-05-06,0
2012-05-13,1
2012-05-20,0
2012-05-27,0
2012-06-03,0
2012-06-10,2
2012-06-17,0
2012-06-24,0
2012-07-01,0
2012-07-08,0
2012-07-15,0
2012-07-22,0
2012-07-29,0
2012-08-05,0
2012-08-12,0
2012-08-19,0
2012-08-26,0
2012-09-02,1
2012-09-09,0
2012-09-16,0
2012-09-23,0
2012-09-30,0
2012-10-07,0
2012-10-14,0
2012-10-21,0
2012-10-28,0
2012-11-04,0
2012-11-11,0
2012-11-18,0
2012-11-25,0
2012-12-02,0
2012-12-09,0
2012-12-16,0
2012-12-23,0
2012-12-30,2
2013-01-06,1
2013-01-13,0
2013-01-20,0
2013-01-27,0
2013-02-03,0
2013-02-10,0
2013-02-17,0
2013-02-24,0
2013-03-03,0
2013-03-10,0
2013-03-17,0
2013-03-24,0
2013-03-31,1
2013-04-07,1
2013-04-14,0
2013-04-21,0
2013-04-28,0
2013-05-05,0
2013-05-12,1
2013-05-19,0
2013-05-26,0
2013-06-02,1
2013-06-09,0
2013-06-16,0
2013-06-23,0
2013-06-30,0
2013-07-07,0
2013-07-14,0
2013-07-21,0
2013-07-28,0
2013-08-04,0
2013-08-11,0
2013-08-18,0
2013-08-25,0
2013-09-01,1
2013-09-08,0
2013-09-15,0
2013-09-22,0
2013-09-29,0
2013-10-06,0
2013-10-13,0
2013-10-20,0
2013-10-27,0
2013-11-03,0
2013-11-10,0
2013-11-17,0
2013-11-24,0
2013-12-01,0
2013-12-08,0
2013-12-15,0
2013-12-22,0
2013-12-29,2
2014-01-05,1
2014-01-12,0
2014-01-19,0
2014-01-26,0
2014-02-02,0
2014-02-09,0
2014-02-16,0
2014-02-23,0
2014-03-02,0
2014-03-09,0
2014-03-16,0
2014-03-23,0
2014-03-30,0
2014-04-06,0
2014-04-13,0
2014-04-20,1
2014-04-27,1
2014-05-04,0
2014-05-11,1
2014-05-18,0
2014-05-25,0
2014-06-01,1
2014-06-08,0
2014-06-15,0
2014-06-22,0
2014-06-29,0
2014-07-06,0
2014-07-13,0
2014-07-20,0
2014-07-27,0
2014-08-03,0
2014-08-10,0
2014-08-17,0
2014-08-24,0
2014-08-31,1
2014-09-07,0
2014-09-14,0
2014-09-21,0
2014-09-28,0
2014-10-05,0
2014-10-12,0
2014-10-19,0
2014-10-26,0
2014-11-02,0
2014-11-09,0
2014-11-16,0
2014-11-23,0
2014-11-30,0
2014-12-07,0
2014-12-14,0
2014-12-21,0
2014-12-28,2
2015-01-04,1
2015-01-11,0
2015-01-18,0
2015-01-25,0
2015-02-01,0
2015-02-08,0
2015-02-15,0
2015-02-22,0
2015-03-01,0
2015-03-08,0
2015-03-15,0
2015-03-22,0
2015-03-29,0
2015-04-05,1
2015-04-12,1
2015-04-19,0
2015-04-26,0
2015-05-03,0
2015-05-10,1
2015-05-17,0
2015-05-24,0
2015-05-31,1
2015-06-07,0
2015-06-14,0
2015-06-21,0
2015-06-28,0
